Type,Name,Request Count,Failure Count,Median Response Time,Average Response Time,Min Response Time,Max Response Time,Average Content Size,Requests/s,Failures/s,25%,50%,75%,80%,90%,95%,98%,99%,100%
POST,invoke/tsp(10),13517,0,250.0,800.5367065889568,211.35444799801917,89130.93424199906,353.95272619664127,75.35013998333747,0.0,240,250,280,280,420,3700,7800,8000,89000
,Aggregated,13517,0,250.0,800.5367065889568,211.35444799801917,89130.93424199906,353.95272619664127,75.35013998333747,0.0,240,250,280,280,420,3700,7800,8000,89000
