Type,Name,Request Count,Failure Count,Median Response Time,Average Response Time,Min Response Time,Max Response Time,Average Content Size,Requests/s,Failures/s,25%,50%,75%,80%,90%,95%,98%,99%,100%
POST,invoke/tsp(10),35664,0,310.0,307.719564278658,209.86562400003095,1743.6665430000176,353.8912628981606,198.998815276802,0.0,280,310,340,350,370,390,410,420,1700
,Aggregated,35664,0,310.0,307.719564278658,209.86562400003095,1743.6665430000176,353.8912628981606,198.998815276802,0.0,280,310,340,350,370,390,410,420,1700
