Type,Name,Request Count,Failure Count,Median Response Time,Average Response Time,Min Response Time,Max Response Time,Average Content Size,Requests/s,Failures/s,25%,50%,75%,80%,90%,95%,98%,99%,100%
POST,run/tsp(8),42188,0,260.0,259.9265803546037,188.46665999990364,963.9668639997581,219.2675879396985,235.42862665515963,0.0,240,260,280,290,300,310,320,340,960
,Aggregated,42188,0,260.0,259.9265803546037,188.46665999990364,963.9668639997581,219.2675879396985,235.42862665515963,0.0,240,260,280,290,300,310,320,340,960
