Type,Name,Request Count,Failure Count,Median Response Time,Average Response Time,Min Response Time,Max Response Time,Average Content Size,Requests/s,Failures/s,25%,50%,75%,80%,90%,95%,98%,99%,100%
POST,run/tsp(8),29472,0,370.0,372.2239194806266,193.20111299975906,1509.4191759999376,219.34388572204125,164.47418384767954,0.0,350,370,400,400,420,430,450,460,1500
,Aggregated,29472,0,370.0,372.2239194806266,193.20111299975906,1509.4191759999376,219.34388572204125,164.47418384767954,0.0,350,370,400,400,420,430,450,460,1500
