Type,Name,Request Count,Failure Count,Median Response Time,Average Response Time,Min Response Time,Max Response Time,Average Content Size,Requests/s,Failures/s,25%,50%,75%,80%,90%,95%,98%,99%,100%
POST,invoke/tsp(10),15444,0,250.0,701.9567227617234,211.22918599940022,68651.12161399884,354.03859103859105,86.12648369200342,0.0,240,250,270,280,320,2900,7300,7500,69000
,Aggregated,15444,0,250.0,701.9567227617234,211.22918599940022,68651.12161399884,354.03859103859105,86.12648369200342,0.0,240,250,270,280,320,2900,7300,7500,69000
