Type,Name,Request Count,Failure Count,Median Response Time,Average Response Time,Min Response Time,Max Response Time,Average Content Size,Requests/s,Failures/s,25%,50%,75%,80%,90%,95%,98%,99%,100%
POST,run/tsp(10),6375,0,1400.0,1713.3262903741079,391.7155469998761,7444.895341999654,247.13113725490197,35.564480422934295,0.0,1400,1400,2400,2400,2400,3400,3400,4400,7400
,Aggregated,6375,0,1400.0,1713.3262903741079,391.7155469998761,7444.895341999654,247.13113725490197,35.564480422934295,0.0,1400,1400,2400,2400,2400,3400,3400,4400,7400
