Type,Name,Request Count,Failure Count,Median Response Time,Average Response Time,Min Response Time,Max Response Time,Average Content Size,Requests/s,Failures/s,25%,50%,75%,80%,90%,95%,98%,99%,100%
POST,invoke/tsp(10),26316,0,250.0,416.26896691442414,210.59865600000194,15053.750721000142,354.1301489588083,146.77407635180063,0.0,220,250,290,300,470,1900,2000,2100,15000
,Aggregated,26316,0,250.0,416.26896691442414,210.59865600000194,15053.750721000142,354.1301489588083,146.77407635180063,0.0,220,250,290,300,470,1900,2000,2100,15000
