Type,Name,Request Count,Failure Count,Median Response Time,Average Response Time,Min Response Time,Max Response Time,Average Content Size,Requests/s,Failures/s,25%,50%,75%,80%,90%,95%,98%,99%,100%
POST,invoke/tsp(8),56314,2,190.0,194.87363712838908,184.7344970001359,1811.7268470000454,325.9569733991547,314.32976655864854,0.011163467931904982,190,190,200,200,200,200,200,200,1800
,Aggregated,56314,2,190.0,194.87363712838908,184.7344970001359,1811.7268470000454,325.9569733991547,314.32976655864854,0.011163467931904982,190,190,200,200,200,200,200,200,1800
