Type,Name,Request Count,Failure Count,Median Response Time,Average Response Time,Min Response Time,Max Response Time,Average Content Size,Requests/s,Failures/s,25%,50%,75%,80%,90%,95%,98%,99%,100%
POST,run/tsp(10),39557,0,270.0,277.4875132520398,172.30837799797882,766.5516640008718,247.22458730439618,220.6634323451761,0.0,260,270,280,300,320,320,370,490,770
,Aggregated,39557,0,270.0,277.4875132520398,172.30837799797882,766.5516640008718,247.22458730439618,220.6634323451761,0.0,260,270,280,300,320,320,370,490,770
