Type,Name,Request Count,Failure Count,Median Response Time,Average Response Time,Min Response Time,Max Response Time,Average Content Size,Requests/s,Failures/s,25%,50%,75%,80%,90%,95%,98%,99%,100%
POST,run/tsp(11),4264,2,2500.0,2559.707789890045,1713.1149050001113,4752.074208998238,261.02110694183864,23.78681935264078,0.011157044724503181,2500,2500,2500,2600,2900,3000,3100,4600,4800
,Aggregated,4264,2,2500.0,2559.707789890045,1713.1149050001113,4752.074208998238,261.02110694183864,23.78681935264078,0.011157044724503181,2500,2500,2500,2600,2900,3000,3100,4600,4800
