Type,Name,Request Count,Failure Count,Median Response Time,Average Response Time,Min Response Time,Max Response Time,Average Content Size,Requests/s,Failures/s,25%,50%,75%,80%,90%,95%,98%,99%,100%
POST,invoke/tsp(8),352771,0,28,28.130925749247524,9.163160999378306,1912.7478190002876,325.8501605857624,1962.1063385122668,0.0,25,28,31,31,32,34,41,44,1900
,Aggregated,352771,0,28,28.130925749247524,9.163160999378306,1912.7478190002876,325.8501605857624,1962.1063385122668,0.0,25,28,31,31,32,34,41,44,1900
