Type,Name,Request Count,Failure Count,Median Response Time,Average Response Time,Min Response Time,Max Response Time,Average Content Size,Requests/s,Failures/s,25%,50%,75%,80%,90%,95%,98%,99%,100%
POST,run/tsp(10),24959,0,430.0,438.78073806017596,162.1795309999925,1434.9237639999046,247.20930325734204,139.17338456988725,0.0,380,430,490,500,550,600,660,710,1400
,Aggregated,24959,0,430.0,438.78073806017596,162.1795309999925,1434.9237639999046,247.20930325734204,139.17338456988725,0.0,380,430,490,500,550,600,660,710,1400
