Type,Name,Request Count,Failure Count,Median Response Time,Average Response Time,Min Response Time,Max Response Time,Average Content Size,Requests/s,Failures/s,25%,50%,75%,80%,90%,95%,98%,99%,100%
POST,run/tsp(8),40002,0,280.0,273.20522651132325,175.465954999936,1009.3068169999242,219.21698915054247,222.98757374110693,0.0,260,280,290,290,300,310,320,330,1000
,Aggregated,40002,0,280.0,273.20522651132325,175.465954999936,1009.3068169999242,219.21698915054247,222.98757374110693,0.0,260,280,290,290,300,310,320,330,1000
