Type,Name,Request Count,Failure Count,Median Response Time,Average Response Time,Min Response Time,Max Response Time,Average Content Size,Requests/s,Failures/s,25%,50%,75%,80%,90%,95%,98%,99%,100%
POST,run/tsp(8),30537,0,200.0,358.5147491596098,12.537436000002344,2175.2432079999835,219.304253855978,170.09664820065152,0.0,160,200,580,600,680,780,890,970,2200
,Aggregated,30537,0,200.0,358.5147491596098,12.537436000002344,2175.2432079999835,219.304253855978,170.09664820065152,0.0,160,200,580,600,680,780,890,970,2200
