Type,Name,Request Count,Failure Count,Median Response Time,Average Response Time,Min Response Time,Max Response Time,Average Content Size,Requests/s,Failures/s,25%,50%,75%,80%,90%,95%,98%,99%,100%
POST,invoke/tsp(10),9783,252,270.0,1099.933179213662,4.389772002468817,107099.0092189968,344.98313400797304,54.507033596484625,1.4040450236444981,220,270,290,300,1800,5900,8900,9200,107000
,Aggregated,9783,252,270.0,1099.933179213662,4.389772002468817,107099.0092189968,344.98313400797304,54.507033596484625,1.4040450236444981,220,270,290,300,1800,5900,8900,9200,107000
