Type,Name,Request Count,Failure Count,Median Response Time,Average Response Time,Min Response Time,Max Response Time,Average Content Size,Requests/s,Failures/s,25%,50%,75%,80%,90%,95%,98%,99%,100%
POST,run/tsp(10),25334,0,390.0,432.95565537076686,205.62636999966344,1395.8101749994967,247.11668113997,141.28138257549227,0.0,340,390,520,540,580,620,730,850,1400
,Aggregated,25334,0,390.0,432.95565537076686,205.62636999966344,1395.8101749994967,247.11668113997,141.28138257549227,0.0,340,390,520,540,580,620,730,850,1400
