Type,Name,Request Count,Failure Count,Median Response Time,Average Response Time,Min Response Time,Max Response Time,Average Content Size,Requests/s,Failures/s,25%,50%,75%,80%,90%,95%,98%,99%,100%
POST,run/tsp(10),20208,0,550.0,543.041850987379,170.90825099967333,950.1140339998528,247.12212984956452,112.70588066496677,0.0,530,550,570,580,600,610,640,710,950
,Aggregated,20208,0,550.0,543.041850987379,170.90825099967333,950.1140339998528,247.12212984956452,112.70588066496677,0.0,530,550,570,580,600,610,640,710,950
