Type,Name,Request Count,Failure Count,Median Response Time,Average Response Time,Min Response Time,Max Response Time,Average Content Size,Requests/s,Failures/s,25%,50%,75%,80%,90%,95%,98%,99%,100%
POST,run/tsp(10),10507,0,1100.0,1042.6554756669834,206.43120200003295,1362.282719999996,247.40572951365755,58.62611846753765,0.0,1100,1100,1100,1100,1100,1100,1200,1200,1400
,Aggregated,10507,0,1100.0,1042.6554756669834,206.43120200003295,1362.282719999996,247.40572951365755,58.62611846753765,0.0,1100,1100,1100,1100,1100,1100,1200,1200,1400
