Type,Name,Request Count,Failure Count,Median Response Time,Average Response Time,Min Response Time,Max Response Time,Average Content Size,Requests/s,Failures/s,25%,50%,75%,80%,90%,95%,98%,99%,100%
POST,invoke/tsp(10),5052,299,510.0,2135.052543973661,4.1740860033314675,124815.15295099962,333.1001583531275,28.15868992233027,1.6665574597737036,340,510,1100,1300,5600,8500,9100,9600,125000
,Aggregated,5052,299,510.0,2135.052543973661,4.1740860033314675,124815.15295099962,333.1001583531275,28.15868992233027,1.6665574597737036,340,510,1100,1300,5600,8500,9100,9600,125000
