Type,Name,Request Count,Failure Count,Median Response Time,Average Response Time,Min Response Time,Max Response Time,Average Content Size,Requests/s,Failures/s,25%,50%,75%,80%,90%,95%,98%,99%,100%
POST,invoke/tsp(8),61989,0,170.0,177.05696018577328,168.46844100018643,4309.606963000078,325.9999516043169,345.9124034897719,0.0,170,170,170,180,180,180,190,200,4300
,Aggregated,61989,0,170.0,177.05696018577328,168.46844100018643,4309.606963000078,325.9999516043169,345.9124034897719,0.0,170,170,170,180,180,180,190,200,4300
