Type,Name,Request Count,Failure Count,Median Response Time,Average Response Time,Min Response Time,Max Response Time,Average Content Size,Requests/s,Failures/s,25%,50%,75%,80%,90%,95%,98%,99%,100%
POST,run/tsp(10),30057,0,360.0,365.15108331829697,185.18120500084478,1112.4418479994347,247.1147153741225,167.67602931349865,0.0,340,360,380,390,410,440,550,580,1100
,Aggregated,30057,0,360.0,365.15108331829697,185.18120500084478,1112.4418479994347,247.1147153741225,167.67602931349865,0.0,340,360,380,390,410,440,550,580,1100
