Type,Name,Request Count,Failure Count,Median Response Time,Average Response Time,Min Response Time,Max Response Time,Average Content Size,Requests/s,Failures/s,25%,50%,75%,80%,90%,95%,98%,99%,100%
POST,invoke/tsp(10),2524,0,1700.0,2204.457176030118,210.87205200001335,12543.913169999541,354.7785261489699,14.082038120295527,0.0,550,1700,3800,3900,4000,4100,4300,5300,13000
,Aggregated,2524,0,1700.0,2204.457176030118,210.87205200001335,12543.913169999541,354.7785261489699,14.082038120295527,0.0,550,1700,3800,3900,4000,4100,4300,5300,13000
