Type,Name,Request Count,Failure Count,Median Response Time,Average Response Time,Min Response Time,Max Response Time,Average Content Size,Requests/s,Failures/s,25%,50%,75%,80%,90%,95%,98%,99%,100%
POST,run/tsp(8),113528,0,94,96.45039455610748,10.38512500053912,291.90645099970425,219.27122824325278,633.2124081975978,0.0,81,94,110,110,130,140,150,170,290
,Aggregated,113528,0,94,96.45039455610748,10.38512500053912,291.90645099970425,219.27122824325278,633.2124081975978,0.0,81,94,110,110,130,140,150,170,290
