Type,Name,Request Count,Failure Count,Median Response Time,Average Response Time,Min Response Time,Max Response Time,Average Content Size,Requests/s,Failures/s,25%,50%,75%,80%,90%,95%,98%,99%,100%
POST,invoke/tsp(11),1951,0,2300.0,4739.865942878013,2186.6662699976587,79048.391403001,369.1752947206561,10.886915913117194,0.0,2200,2300,2900,3500,7500,11000,45000,60000,79000
,Aggregated,1951,0,2300.0,4739.865942878013,2186.6662699976587,79048.391403001,369.1752947206561,10.886915913117194,0.0,2200,2300,2900,3500,7500,11000,45000,60000,79000
