Type,Name,Request Count,Failure Count,Median Response Time,Average Response Time,Min Response Time,Max Response Time,Average Content Size,Requests/s,Failures/s,25%,50%,75%,80%,90%,95%,98%,99%,100%
POST,run/tsp(9),187543,0,55,58.23778430534694,34.325569999055006,375.38501500239363,233.24645547954336,1046.0935922337337,0.0,51,55,63,65,73,82,91,99,380
,Aggregated,187543,0,55,58.23778430534694,34.325569999055006,375.38501500239363,233.24645547954336,1046.0935922337337,0.0,51,55,63,65,73,82,91,99,380
