Type,Name,Request Count,Failure Count,Median Response Time,Average Response Time,Min Response Time,Max Response Time,Average Content Size,Requests/s,Failures/s,25%,50%,75%,80%,90%,95%,98%,99%,100%
POST,run/tsp(10),41266,0,270.0,266.01085379132854,174.4682290000128,596.0019450003529,247.19376726603014,230.20607105059372,0.0,260,270,270,280,280,290,310,320,600
,Aggregated,41266,0,270.0,266.01085379132854,174.4682290000128,596.0019450003529,247.19376726603014,230.20607105059372,0.0,260,270,270,280,280,290,310,320,600
