Type,Name,Request Count,Failure Count,Median Response Time,Average Response Time,Min Response Time,Max Response Time,Average Content Size,Requests/s,Failures/s,25%,50%,75%,80%,90%,95%,98%,99%,100%
POST,invoke/tsp(8),60672,0,180.0,180.85071513869784,169.29665999987265,1758.3119430000806,325.9887592299578,338.54599944627984,0.0,180,180,180,180,180,190,190,200,1800
,Aggregated,60672,0,180.0,180.85071513869784,169.29665999987265,1758.3119430000806,325.9887592299578,338.54599944627984,0.0,180,180,180,180,180,190,190,200,1800
