Type,Name,Request Count,Failure Count,Median Response Time,Average Response Time,Min Response Time,Max Response Time,Average Content Size,Requests/s,Failures/s,25%,50%,75%,80%,90%,95%,98%,99%,100%
POST,run/tsp(8),189800,0,55,57.41614440428296,10.874198999772489,203.7429619995237,219.2705374077977,1058.570010782887,0.0,48,55,66,69,78,85,95,100,200
,Aggregated,189800,0,55,57.41614440428296,10.874198999772489,203.7429619995237,219.2705374077977,1058.570010782887,0.0,48,55,66,69,78,85,95,100,200
