Type,Name,Request Count,Failure Count,Median Response Time,Average Response Time,Min Response Time,Max Response Time,Average Content Size,Requests/s,Failures/s,25%,50%,75%,80%,90%,95%,98%,99%,100%
POST,invoke/tsp(10),21937,0,500.0,500.1075492649872,411.967996000385,2032.4287630000981,354.00729361352967,122.41195036784013,0.0,490,500,510,510,510,520,540,560,2000
,Aggregated,21937,0,500.0,500.1075492649872,411.967996000385,2032.4287630000981,354.00729361352967,122.41195036784013,0.0,490,500,510,510,510,520,540,560,2000
