Type,Name,Request Count,Failure Count,Median Response Time,Average Response Time,Min Response Time,Max Response Time,Average Content Size,Requests/s,Failures/s,25%,50%,75%,80%,90%,95%,98%,99%,100%
POST,run/tsp(8),260772,0,40,41.173206387448836,9.584637999068946,281.32932799780974,219.2703281027104,1452.7494271565306,0.0,34,40,46,48,56,62,71,77,280
,Aggregated,260772,0,40,41.173206387448836,9.584637999068946,281.32932799780974,219.2703281027104,1452.7494271565306,0.0,34,40,46,48,56,62,71,77,280
