Type,Name,Request Count,Failure Count,Median Response Time,Average Response Time,Min Response Time,Max Response Time,Average Content Size,Requests/s,Failures/s,25%,50%,75%,80%,90%,95%,98%,99%,100%
POST,invoke/tsp(8),57976,0,190.0,189.29186613350208,184.3945350001377,1792.0549750001555,325.8461087346488,323.57215560066936,0.0,190,190,190,190,190,190,200,200,1800
,Aggregated,57976,0,190.0,189.29186613350208,184.3945350001377,1792.0549750001555,325.8461087346488,323.57215560066936,0.0,190,190,190,190,190,190,200,200,1800
