Type,Name,Request Count,Failure Count,Median Response Time,Average Response Time,Min Response Time,Max Response Time,Average Content Size,Requests/s,Failures/s,25%,50%,75%,80%,90%,95%,98%,99%,100%
POST,run/tsp(10),25616,0,420.0,428.30325595459584,342.68875600002957,1290.3468319999547,247.2646783260462,142.95372343684903,0.0,410,420,440,450,460,480,510,560,1300
,Aggregated,25616,0,420.0,428.30325595459584,342.68875600002957,1290.3468319999547,247.2646783260462,142.95372343684903,0.0,410,420,440,450,460,480,510,560,1300
