Type,Name,Request Count,Failure Count,Median Response Time,Average Response Time,Min Response Time,Max Response Time,Average Content Size,Requests/s,Failures/s,25%,50%,75%,80%,90%,95%,98%,99%,100%
POST,invoke/tsp(8),99013,0,110.0,110.82953019305572,106.07446099993467,1596.1470919996827,325.9867391150657,552.6784541239083,0.0,110,110,110,110,110,120,120,130,1600
,Aggregated,99013,0,110.0,110.82953019305572,106.07446099993467,1596.1470919996827,325.9867391150657,552.6784541239083,0.0,110,110,110,110,110,120,120,130,1600
