Type,Name,Request Count,Failure Count,Median Response Time,Average Response Time,Min Response Time,Max Response Time,Average Content Size,Requests/s,Failures/s,25%,50%,75%,80%,90%,95%,98%,99%,100%
POST,invoke/tsp(10),39456,0,270.0,278.1913952083837,211.02647399993657,3721.6743580002003,353.7583384022709,220.13255588371814,0.0,270,270,280,280,290,290,300,310,3700
,Aggregated,39456,0,270.0,278.1913952083837,211.02647399993657,3721.6743580002003,353.7583384022709,220.13255588371814,0.0,270,270,280,280,290,290,300,310,3700
