Type,Name,Request Count,Failure Count,Median Response Time,Average Response Time,Min Response Time,Max Response Time,Average Content Size,Requests/s,Failures/s,25%,50%,75%,80%,90%,95%,98%,99%,100%
POST,run/tsp(8),53555,0,210.0,203.91764497211997,111.95772700000362,429.9789070000202,219.33994958453926,298.56562545622444,0.0,200,210,220,220,230,240,250,250,430
,Aggregated,53555,0,210.0,203.91764497211997,111.95772700000362,429.9789070000202,219.33994958453926,298.56562545622444,0.0,200,210,220,220,230,240,250,250,430
