Type,Name,Request Count,Failure Count,Median Response Time,Average Response Time,Min Response Time,Max Response Time,Average Content Size,Requests/s,Failures/s,25%,50%,75%,80%,90%,95%,98%,99%,100%
POST,run/tsp(8),41518,0,260.0,263.23186483498614,112.95527900006164,523.8284009999461,219.33019413266535,231.54506493965312,0.0,230,260,290,300,320,340,360,370,520
,Aggregated,41518,0,260.0,263.23186483498614,112.95527900006164,523.8284009999461,219.33019413266535,231.54506493965312,0.0,230,260,290,300,320,340,360,370,520
