Type,Name,Request Count,Failure Count,Median Response Time,Average Response Time,Min Response Time,Max Response Time,Average Content Size,Requests/s,Failures/s,25%,50%,75%,80%,90%,95%,98%,99%,100%
POST,invoke/tsp(10),11649,6,250.0,926.8401211071443,5.275478000839939,102956.78297599807,353.7470169113229,64.93576952556285,0.033446185694340894,240,250,280,280,460,4300,8300,8500,103000
,Aggregated,11649,6,250.0,926.8401211071443,5.275478000839939,102956.78297599807,353.7470169113229,64.93576952556285,0.033446185694340894,240,250,280,280,460,4300,8300,8500,103000
