Type,Name,Request Count,Failure Count,Median Response Time,Average Response Time,Min Response Time,Max Response Time,Average Content Size,Requests/s,Failures/s,25%,50%,75%,80%,90%,95%,98%,99%,100%
POST,invoke/tsp(10),15950,0,560.0,687.4290322301599,412.1724730002825,4067.2930049995557,353.89247648902824,88.99323776611489,0.0,510,560,800,960,1100,1200,1300,1400,4100
,Aggregated,15950,0,560.0,687.4290322301599,412.1724730002825,4067.2930049995557,353.89247648902824,88.99323776611489,0.0,510,560,800,960,1100,1200,1300,1400,4100
