Type,Name,Request Count,Failure Count,Median Response Time,Average Response Time,Min Response Time,Max Response Time,Average Content Size,Requests/s,Failures/s,25%,50%,75%,80%,90%,95%,98%,99%,100%
POST,run/tsp(10),21332,0,520.0,514.4033801630418,303.94924099982745,945.3170550000323,247.18226139133697,118.99314879631423,0.0,490,520,540,550,560,570,600,670,950
,Aggregated,21332,0,520.0,514.4033801630418,303.94924099982745,945.3170550000323,247.18226139133697,118.99314879631423,0.0,490,520,540,550,560,570,600,670,950
