Type,Name,Request Count,Failure Count,Median Response Time,Average Response Time,Min Response Time,Max Response Time,Average Content Size,Requests/s,Failures/s,25%,50%,75%,80%,90%,95%,98%,99%,100%
POST,run/tsp(8),41582,0,270.0,263.38962938442023,189.1540530000384,942.0352889999322,219.26759174642874,231.997592065001,0.0,240,270,290,290,300,310,320,330,940
,Aggregated,41582,0,270.0,263.38962938442023,189.1540530000384,942.0352889999322,219.26759174642874,231.997592065001,0.0,240,270,290,290,300,310,320,330,940
