Type,Name,Request Count,Failure Count,Median Response Time,Average Response Time,Min Response Time,Max Response Time,Average Content Size,Requests/s,Failures/s,25%,50%,75%,80%,90%,95%,98%,99%,100%
POST,invoke/tsp(10),17406,0,250.0,624.1182594218051,211.64387599856127,61634.60326399945,354.1008847523842,97.06395431881226,0.0,240,250,270,280,300,2200,6800,7000,62000
,Aggregated,17406,0,250.0,624.1182594218051,211.64387599856127,61634.60326399945,354.1008847523842,97.06395431881226,0.0,240,250,270,280,300,2200,6800,7000,62000
