Type,Name,Request Count,Failure Count,Median Response Time,Average Response Time,Min Response Time,Max Response Time,Average Content Size,Requests/s,Failures/s,25%,50%,75%,80%,90%,95%,98%,99%,100%
POST,run/tsp(8),31257,0,350.0,349.84260470633893,176.1432970001806,734.2744960001255,219.37214064049653,174.2412160880421,0.0,310,350,390,400,430,450,470,490,730
,Aggregated,31257,0,350.0,349.84260470633893,176.1432970001806,734.2744960001255,219.37214064049653,174.2412160880421,0.0,310,350,390,400,430,450,470,490,730
