Type,Name,Request Count,Failure Count,Median Response Time,Average Response Time,Min Response Time,Max Response Time,Average Content Size,Requests/s,Failures/s,25%,50%,75%,80%,90%,95%,98%,99%,100%
POST,run/tsp(8),141260,0,78,77.59450625094166,9.620078999432735,222.45660600310657,219.24660201047715,788.125205840573,0.0,74,78,83,85,90,96,100,110,220
,Aggregated,141260,0,78,77.59450625094166,9.620078999432735,222.45660600310657,219.24660201047715,788.125205840573,0.0,74,78,83,85,90,96,100,110,220
