Type,Name,Request Count,Failure Count,Median Response Time,Average Response Time,Min Response Time,Max Response Time,Average Content Size,Requests/s,Failures/s,25%,50%,75%,80%,90%,95%,98%,99%,100%
POST,invoke/tsp(8),329883,0,28,30.447275095497048,8.78485900011583,3835.5239469997287,325.8909401211945,1835.4817490242535,0.0,24,28,31,31,38,54,71,79,3800
,Aggregated,329883,0,28,30.447275095497048,8.78485900011583,3835.5239469997287,325.8909401211945,1835.4817490242535,0.0,24,28,31,31,38,54,71,79,3800
