Type,Name,Request Count,Failure Count,Median Response Time,Average Response Time,Min Response Time,Max Response Time,Average Content Size,Requests/s,Failures/s,25%,50%,75%,80%,90%,95%,98%,99%,100%
POST,invoke/tsp(8),330622,4,26,30.66531684219223,5.930932002229383,15640.233923997584,325.91357804380834,1838.8027058798843,0.022246586202731632,23,26,30,31,32,36,42,46,16000
,Aggregated,330622,4,26,30.66531684219223,5.930932002229383,15640.233923997584,325.91357804380834,1838.8027058798843,0.022246586202731632,23,26,30,31,32,36,42,46,16000
