Type,Name,Request Count,Failure Count,Median Response Time,Average Response Time,Min Response Time,Max Response Time,Average Content Size,Requests/s,Failures/s,25%,50%,75%,80%,90%,95%,98%,99%,100%
POST,run/tsp(8),93993,0,120.0,116.7197663908375,9.606934996554628,235.891446005553,219.31102316129923,524.5824179962738,0.0,110,120,130,130,130,140,150,150,240
,Aggregated,93993,0,120.0,116.7197663908375,9.606934996554628,235.891446005553,219.31102316129923,524.5824179962738,0.0,110,120,130,130,130,140,150,150,240
