Type,Name,Request Count,Failure Count,Median Response Time,Average Response Time,Min Response Time,Max Response Time,Average Content Size,Requests/s,Failures/s,25%,50%,75%,80%,90%,95%,98%,99%,100%
POST,run/tsp(10),5278,0,1300.0,2064.827678787074,211.71516500180587,12268.746035006188,247.27150435771125,29.43747206877193,0.0,1200,1300,2300,3200,4200,5200,6100,6300,12000
,Aggregated,5278,0,1300.0,2064.827678787074,211.71516500180587,12268.746035006188,247.27150435771125,29.43747206877193,0.0,1200,1300,2300,3200,4200,5200,6100,6300,12000
