Type,Name,Request Count,Failure Count,Median Response Time,Average Response Time,Min Response Time,Max Response Time,Average Content Size,Requests/s,Failures/s,25%,50%,75%,80%,90%,95%,98%,99%,100%
POST,invoke/tsp(8),55674,0,200.0,197.09324808298263,185.0686620000488,2167.0537019999756,325.93690052807415,310.7330570634293,0.0,190,200,200,200,200,200,200,200,2200
,Aggregated,55674,0,200.0,197.09324808298263,185.0686620000488,2167.0537019999756,325.93690052807415,310.7330570634293,0.0,190,200,200,200,200,200,200,200,2200
