Type,Name,Request Count,Failure Count,Median Response Time,Average Response Time,Min Response Time,Max Response Time,Average Content Size,Requests/s,Failures/s,25%,50%,75%,80%,90%,95%,98%,99%,100%
POST,run/tsp(10),24201,0,450.0,453.3501309783919,359.76993700001003,910.9619640000801,247.23866782364365,135.01958658996105,0.0,440,450,470,470,480,500,530,570,910
,Aggregated,24201,0,450.0,453.3501309783919,359.76993700001003,910.9619640000801,247.23866782364365,135.01958658996105,0.0,440,450,470,470,480,500,530,570,910
