Type,Name,Request Count,Failure Count,Median Response Time,Average Response Time,Min Response Time,Max Response Time,Average Content Size,Requests/s,Failures/s,25%,50%,75%,80%,90%,95%,98%,99%,100%
POST,run/tsp(8),252201,0,41,42.66958820129902,9.83262799854856,225.86797599797137,219.2832661250352,1404.2850033994125,0.0,36,41,47,49,57,63,71,78,230
,Aggregated,252201,0,41,42.66958820129902,9.83262799854856,225.86797599797137,219.2832661250352,1404.2850033994125,0.0,36,41,47,49,57,63,71,78,230
