Type,Name,Request Count,Failure Count,Median Response Time,Average Response Time,Min Response Time,Max Response Time,Average Content Size,Requests/s,Failures/s,25%,50%,75%,80%,90%,95%,98%,99%,100%
POST,invoke/tsp(10),25407,0,430.0,431.8186459615475,386.419068999885,2142.9279799999676,353.7960404612902,141.80257287441813,0.0,420,430,440,440,450,460,460,470,2100
,Aggregated,25407,0,430.0,431.8186459615475,386.419068999885,2142.9279799999676,353.7960404612902,141.80257287441813,0.0,420,430,440,440,450,460,460,470,2100
