Type,Name,Request Count,Failure Count,Median Response Time,Average Response Time,Min Response Time,Max Response Time,Average Content Size,Requests/s,Failures/s,25%,50%,75%,80%,90%,95%,98%,99%,100%
POST,invoke/tsp(8),60366,0,180.0,181.64189325680078,169.46018099997673,1790.4645889998392,325.97672530894874,336.8004084362831,0.0,180,180,180,180,190,190,190,210,1800
,Aggregated,60366,0,180.0,181.64189325680078,169.46018099997673,1790.4645889998392,325.97672530894874,336.8004084362831,0.0,180,180,180,180,190,190,190,210,1800
