Type,Name,Request Count,Failure Count,Median Response Time,Average Response Time,Min Response Time,Max Response Time,Average Content Size,Requests/s,Failures/s,25%,50%,75%,80%,90%,95%,98%,99%,100%
POST,invoke/tsp(10),16140,0,470.0,679.2191097275046,355.73371600003156,3931.825007000043,354.2201982651797,90.04104206746042,0.0,450,470,600,1200,1400,1400,1500,1500,3900
,Aggregated,16140,0,470.0,679.2191097275046,355.73371600003156,3931.825007000043,354.2201982651797,90.04104206746042,0.0,450,470,600,1200,1400,1400,1500,1500,3900
