Type,Name,Request Count,Failure Count,Median Response Time,Average Response Time,Min Response Time,Max Response Time,Average Content Size,Requests/s,Failures/s,25%,50%,75%,80%,90%,95%,98%,99%,100%
POST,invoke/tsp(8),330240,0,29,29.978905979054698,8.785193000221625,4769.523483000285,325.9237675629845,1846.2353519967012,0.0,26,29,33,33,34,37,43,47,4800
,Aggregated,330240,0,29,29.978905979054698,8.785193000221625,4769.523483000285,325.9237675629845,1846.2353519967012,0.0,26,29,33,33,34,37,43,47,4800
