Type,Name,Request Count,Failure Count,Median Response Time,Average Response Time,Min Response Time,Max Response Time,Average Content Size,Requests/s,Failures/s,25%,50%,75%,80%,90%,95%,98%,99%,100%
POST,run/tsp(10),25127,0,440.0,436.7242107635693,183.2250750012463,957.638935000432,247.1839455565726,140.18635444744544,0.0,410,440,460,470,490,510,630,660,960
,Aggregated,25127,0,440.0,436.7242107635693,183.2250750012463,957.638935000432,247.1839455565726,140.18635444744544,0.0,410,440,460,470,490,510,630,660,960
