Type,Name,Request Count,Failure Count,Median Response Time,Average Response Time,Min Response Time,Max Response Time,Average Content Size,Requests/s,Failures/s,25%,50%,75%,80%,90%,95%,98%,99%,100%
POST,invoke/tsp(10),10117,0,640.0,1081.9138544785126,390.9949010003402,11095.823159000247,354.9617475536226,56.44828007222875,0.0,500,640,1700,1700,1800,1900,1900,2000,11000
,Aggregated,10117,0,640.0,1081.9138544785126,390.9949010003402,11095.823159000247,354.9617475536226,56.44828007222875,0.0,500,640,1700,1700,1800,1900,1900,2000,11000
