Type,Name,Request Count,Failure Count,Median Response Time,Average Response Time,Min Response Time,Max Response Time,Average Content Size,Requests/s,Failures/s,25%,50%,75%,80%,90%,95%,98%,99%,100%
POST,run/tsp(8),27880,0,400.0,392.61681736094204,110.42871900008322,652.5683529998787,219.2738880918221,155.48107310855633,0.0,390,400,420,420,430,440,450,460,650
,Aggregated,27880,0,400.0,392.61681736094204,110.42871900008322,652.5683529998787,219.2738880918221,155.48107310855633,0.0,390,400,420,420,430,440,450,460,650
