Type,Name,Request Count,Failure Count,Median Response Time,Average Response Time,Min Response Time,Max Response Time,Average Content Size,Requests/s,Failures/s,25%,50%,75%,80%,90%,95%,98%,99%,100%
POST,run/tsp(10),7147,0,1400.0,1530.4450372461163,326.67037700002766,5388.650298999892,247.06548202042816,39.871693420790926,0.0,1300,1400,1400,1400,2400,2400,3300,3400,5400
,Aggregated,7147,0,1400.0,1530.4450372461163,326.67037700002766,5388.650298999892,247.06548202042816,39.871693420790926,0.0,1300,1400,1400,1400,2400,2400,3300,3400,5400
