Type,Name,Request Count,Failure Count,Median Response Time,Average Response Time,Min Response Time,Max Response Time,Average Content Size,Requests/s,Failures/s,25%,50%,75%,80%,90%,95%,98%,99%,100%
POST,invoke/tsp(10),8033,0,630.0,1360.4113988585823,421.374726999602,16636.204194999664,354.5865803560314,44.83288464158764,0.0,510,630,2200,2300,2400,2400,2500,2600,17000
,Aggregated,8033,0,630.0,1360.4113988585823,421.374726999602,16636.204194999664,354.5865803560314,44.83288464158764,0.0,510,630,2200,2300,2400,2400,2500,2600,17000
