Type,Name,Request Count,Failure Count,Median Response Time,Average Response Time,Min Response Time,Max Response Time,Average Content Size,Requests/s,Failures/s,25%,50%,75%,80%,90%,95%,98%,99%,100%
POST,run/tsp(10),20716,0,530.0,529.5681052104271,173.61530500056688,873.9961660030531,247.2780942266847,115.58394276565787,0.0,520,530,550,560,590,600,610,610,870
,Aggregated,20716,0,530.0,529.5681052104271,173.61530500056688,873.9961660030531,247.2780942266847,115.58394276565787,0.0,520,530,550,560,590,600,610,610,870
