Type,Name,Request Count,Failure Count,Median Response Time,Average Response Time,Min Response Time,Max Response Time,Average Content Size,Requests/s,Failures/s,25%,50%,75%,80%,90%,95%,98%,99%,100%
POST,invoke/tsp(10),19895,0,250.0,550.4678271663728,211.3161229999605,13554.147795999597,354.4965569238502,110.9652781063284,0.0,240,250,270,300,1800,1900,1900,2000,14000
,Aggregated,19895,0,250.0,550.4678271663728,211.3161229999605,13554.147795999597,354.4965569238502,110.9652781063284,0.0,240,250,270,300,1800,1900,1900,2000,14000
