Type,Name,Request Count,Failure Count,Median Response Time,Average Response Time,Min Response Time,Max Response Time,Average Content Size,Requests/s,Failures/s,25%,50%,75%,80%,90%,95%,98%,99%,100%
POST,run/tsp(8),49729,0,230.0,220.78605270909964,10.826249999809079,323.55900600668974,219.2918820004424,277.21910477532276,0.0,220,230,240,240,250,250,260,260,320
,Aggregated,49729,0,230.0,220.78605270909964,10.826249999809079,323.55900600668974,219.2918820004424,277.21910477532276,0.0,220,230,240,240,250,250,260,260,320
