Type,Name,Request Count,Failure Count,Median Response Time,Average Response Time,Min Response Time,Max Response Time,Average Content Size,Requests/s,Failures/s,25%,50%,75%,80%,90%,95%,98%,99%,100%
POST,invoke/tsp(10),20365,0,270.0,538.5829441079796,210.41679600011776,11687.286118999964,353.903609133317,113.58143200976488,0.0,240,270,850,880,930,970,1000,1000,12000
,Aggregated,20365,0,270.0,538.5829441079796,210.41679600011776,11687.286118999964,353.903609133317,113.58143200976488,0.0,240,270,850,880,930,970,1000,1000,12000
