Type,Name,Request Count,Failure Count,Median Response Time,Average Response Time,Min Response Time,Max Response Time,Average Content Size,Requests/s,Failures/s,25%,50%,75%,80%,90%,95%,98%,99%,100%
POST,run/tsp(8),177221,0,61,61.74717352923597,9.877355998469284,363.80754199490184,219.2683654871601,988.4719736613026,0.0,57,61,66,68,73,80,89,94,360
,Aggregated,177221,0,61,61.74717352923597,9.877355998469284,363.80754199490184,219.2683654871601,988.4719736613026,0.0,57,61,66,68,73,80,89,94,360
