Type,Name,Request Count,Failure Count,Median Response Time,Average Response Time,Min Response Time,Max Response Time,Average Content Size,Requests/s,Failures/s,25%,50%,75%,80%,90%,95%,98%,99%,100%
POST,run/tsp(8),32021,0,340.0,341.5642757261168,15.820050000002084,1132.9233649998969,219.29318259891946,178.3632910064871,0.0,310,340,380,390,440,470,530,570,1100
,Aggregated,32021,0,340.0,341.5642757261168,15.820050000002084,1132.9233649998969,219.29318259891946,178.3632910064871,0.0,310,340,380,390,440,470,530,570,1100
