Type,Name,Request Count,Failure Count,Median Response Time,Average Response Time,Min Response Time,Max Response Time,Average Content Size,Requests/s,Failures/s,25%,50%,75%,80%,90%,95%,98%,99%,100%
POST,invoke/tsp(10),7613,297,330.0,1414.715713539195,3.9224119973368943,108012.08130500163,340.38893997110205,42.426228656799346,1.6551411941507166,270,330,520,570,3200,8200,9000,9400,108000
,Aggregated,7613,297,330.0,1414.715713539195,3.9224119973368943,108012.08130500163,340.38893997110205,42.426228656799346,1.6551411941507166,270,330,520,570,3200,8200,9000,9400,108000
