Type,Name,Request Count,Failure Count,Median Response Time,Average Response Time,Min Response Time,Max Response Time,Average Content Size,Requests/s,Failures/s,25%,50%,75%,80%,90%,95%,98%,99%,100%
POST,invoke/tsp(10),20030,0,510.0,547.7042899866173,388.1501730002128,3601.781079000375,353.8083374937594,111.75420932564292,0.0,470,510,580,610,690,760,860,960,3600
,Aggregated,20030,0,510.0,547.7042899866173,388.1501730002128,3601.781079000375,353.8083374937594,111.75420932564292,0.0,470,510,580,610,690,760,860,960,3600
