Type,Name,Request Count,Failure Count,Median Response Time,Average Response Time,Min Response Time,Max Response Time,Average Content Size,Requests/s,Failures/s,25%,50%,75%,80%,90%,95%,98%,99%,100%
POST,run/tsp(10),34973,0,300.0,313.86266854292234,175.04881599961664,674.6261979969859,247.28676407514368,195.12981955489315,0.0,290,300,330,340,360,370,460,520,670
,Aggregated,34973,0,300.0,313.86266854292234,175.04881599961664,674.6261979969859,247.28676407514368,195.12981955489315,0.0,290,300,330,340,360,370,460,520,670
