Type,Name,Request Count,Failure Count,Median Response Time,Average Response Time,Min Response Time,Max Response Time,Average Content Size,Requests/s,Failures/s,25%,50%,75%,80%,90%,95%,98%,99%,100%
POST,run/tsp(8),64033,0,170.0,170.40930320503486,10.984176999954798,458.1324210003004,219.30273452750924,356.95080582075417,0.0,150,170,190,200,210,230,260,270,460
,Aggregated,64033,0,170.0,170.40930320503486,10.984176999954798,458.1324210003004,219.30273452750924,356.95080582075417,0.0,150,170,190,200,210,230,260,270,460
