Type,Name,Request Count,Failure Count,Median Response Time,Average Response Time,Min Response Time,Max Response Time,Average Content Size,Requests/s,Failures/s,25%,50%,75%,80%,90%,95%,98%,99%,100%
POST,invoke/tsp(8),305518,112,23,34.21204570749826,3.6137879942543805,23344.301231001737,325.72733521429177,1701.3589769072692,0.6237020581884345,15,23,28,30,32,38,47,57,23000
,Aggregated,305518,112,23,34.21204570749826,3.6137879942543805,23344.301231001737,325.72733521429177,1701.3589769072692,0.6237020581884345,15,23,28,30,32,38,47,57,23000
