Type,Name,Request Count,Failure Count,Median Response Time,Average Response Time,Min Response Time,Max Response Time,Average Content Size,Requests/s,Failures/s,25%,50%,75%,80%,90%,95%,98%,99%,100%
POST,invoke/tsp(8),206013,409,13,53.14898704593525,3.4195469997939654,30061.70396700327,325.2650318183804,1149.03082574542,2.2811842346350804,11,13,25,39,140,210,260,300,30000
,Aggregated,206013,409,13,53.14898704593525,3.4195469997939654,30061.70396700327,325.2650318183804,1149.03082574542,2.2811842346350804,11,13,25,39,140,210,260,300,30000
