Type,Name,Request Count,Failure Count,Median Response Time,Average Response Time,Min Response Time,Max Response Time,Average Content Size,Requests/s,Failures/s,25%,50%,75%,80%,90%,95%,98%,99%,100%
POST,run/tsp(10),12628,0,880.0,867.6190577211777,377.6966089999405,1245.5394219996379,247.17152359835288,70.48742182296687,0.0,860,880,910,910,920,940,950,970,1200
,Aggregated,12628,0,880.0,867.6190577211777,377.6966089999405,1245.5394219996379,247.17152359835288,70.48742182296687,0.0,860,880,910,910,920,940,950,970,1200
