Type,Name,Request Count,Failure Count,Median Response Time,Average Response Time,Min Response Time,Max Response Time,Average Content Size,Requests/s,Failures/s,25%,50%,75%,80%,90%,95%,98%,99%,100%
POST,invoke/tsp(10),23230,0,470.0,472.29889887391164,417.2501100001682,2012.6831150000726,353.963753766681,129.61267730791187,0.0,450,470,480,490,500,500,510,530,2000
,Aggregated,23230,0,470.0,472.29889887391164,417.2501100001682,2012.6831150000726,353.963753766681,129.61267730791187,0.0,450,470,480,490,500,500,510,530,2000
