Type,Name,Request Count,Failure Count,Median Response Time,Average Response Time,Min Response Time,Max Response Time,Average Content Size,Requests/s,Failures/s,25%,50%,75%,80%,90%,95%,98%,99%,100%
POST,invoke/tsp(8),80806,60,110.0,135.85052597141433,106.09589199975744,30020.323860999953,325.82335470138355,451.0175154546838,0.3348891286201647,110,110,120,120,120,120,120,120,30000
,Aggregated,80806,60,110.0,135.85052597141433,106.09589199975744,30020.323860999953,325.82335470138355,451.0175154546838,0.3348891286201647,110,110,120,120,120,120,120,120,30000
