Type,Name,Request Count,Failure Count,Median Response Time,Average Response Time,Min Response Time,Max Response Time,Average Content Size,Requests/s,Failures/s,25%,50%,75%,80%,90%,95%,98%,99%,100%
POST,run/tsp(8),47102,0,220.0,232.15926463975296,12.811889000658994,929.781020999144,219.30824593435523,262.46225435927335,0.0,190,220,280,290,310,340,380,410,930
,Aggregated,47102,0,220.0,232.15926463975296,12.811889000658994,929.781020999144,219.30824593435523,262.46225435927335,0.0,190,220,280,290,310,340,380,410,930
