Type,Name,Request Count,Failure Count,Median Response Time,Average Response Time,Min Response Time,Max Response Time,Average Content Size,Requests/s,Failures/s,25%,50%,75%,80%,90%,95%,98%,99%,100%
POST,run/tsp(8),28799,0,390.0,380.99386380416007,10.985879000003251,543.0049469999858,219.25052953227544,160.5749043018961,0.0,370,390,420,420,440,450,470,480,540
,Aggregated,28799,0,390.0,380.99386380416007,10.985879000003251,543.0049469999858,219.25052953227544,160.5749043018961,0.0,370,390,420,420,440,450,470,480,540
