Type,Name,Request Count,Failure Count,Median Response Time,Average Response Time,Min Response Time,Max Response Time,Average Content Size,Requests/s,Failures/s,25%,50%,75%,80%,90%,95%,98%,99%,100%
POST,run/tsp(8),206024,0,51,52.90362775968842,9.903332000249065,282.2565630012832,219.28948083718402,1148.943767234327,0.0,47,51,57,59,66,73,82,88,280
,Aggregated,206024,0,51,52.90362775968842,9.903332000249065,282.2565630012832,219.28948083718402,1148.943767234327,0.0,47,51,57,59,66,73,82,88,280
