Type,Name,Request Count,Failure Count,Median Response Time,Average Response Time,Min Response Time,Max Response Time,Average Content Size,Requests/s,Failures/s,25%,50%,75%,80%,90%,95%,98%,99%,100%
POST,run/tsp(10),2764,0,1300.0,2019.2705224938509,216.7862629999604,12205.326097000012,247.23118668596237,15.430526717867957,0.0,1200,1300,2300,3100,3200,4200,5200,6200,12000
,Aggregated,2764,0,1300.0,2019.2705224938509,216.7862629999604,12205.326097000012,247.23118668596237,15.430526717867957,0.0,1200,1300,2300,3100,3200,4200,5200,6200,12000
