Type,Name,Request Count,Failure Count,Median Response Time,Average Response Time,Min Response Time,Max Response Time,Average Content Size,Requests/s,Failures/s,25%,50%,75%,80%,90%,95%,98%,99%,100%
POST,invoke/tsp(8),251232,528,31,41.23273325920651,8.590228999992178,4461.225721999995,325.5913617692014,1398.0600776358283,2.938223319448627,26,31,47,55,74,85,99,120,4500
,Aggregated,251232,528,31,41.23273325920651,8.590228999992178,4461.225721999995,325.5913617692014,1398.0600776358283,2.938223319448627,26,31,47,55,74,85,99,120,4500
