Type,Name,Request Count,Failure Count,Median Response Time,Average Response Time,Min Response Time,Max Response Time,Average Content Size,Requests/s,Failures/s,25%,50%,75%,80%,90%,95%,98%,99%,100%
POST,invoke/tsp(8),96118,0,110.0,114.17758369905738,106.0989029999746,941.68201399998,325.96715495536733,536.5561229998632,0.0,110,110,120,120,120,120,120,120,940
,Aggregated,96118,0,110.0,114.17758369905738,106.0989029999746,941.68201399998,325.96715495536733,536.5561229998632,0.0,110,110,120,120,120,120,120,120,940
