Type,Name,Request Count,Failure Count,Median Response Time,Average Response Time,Min Response Time,Max Response Time,Average Content Size,Requests/s,Failures/s,25%,50%,75%,80%,90%,95%,98%,99%,100%
POST,run/tsp(8),56777,0,200.0,193.04210375261013,12.041042999953788,388.38988299994526,219.3097557109393,316.48294250686484,0.0,180,200,220,220,230,250,260,270,390
,Aggregated,56777,0,200.0,193.04210375261013,12.041042999953788,388.38988299994526,219.3097557109393,316.48294250686484,0.0,180,200,220,220,230,250,260,270,390
