Type,Name,Request Count,Failure Count,Median Response Time,Average Response Time,Min Response Time,Max Response Time,Average Content Size,Requests/s,Failures/s,25%,50%,75%,80%,90%,95%,98%,99%,100%
POST,run/tsp(10),20727,0,530.0,529.1600441879212,352.16460299989194,1288.4978319998481,247.21947218603754,115.6739480597165,0.0,510,530,540,540,560,570,600,690,1300
,Aggregated,20727,0,530.0,529.1600441879212,352.16460299989194,1288.4978319998481,247.21947218603754,115.6739480597165,0.0,510,530,540,540,560,570,600,690,1300
