Type,Name,Request Count,Failure Count,Median Response Time,Average Response Time,Min Response Time,Max Response Time,Average Content Size,Requests/s,Failures/s,25%,50%,75%,80%,90%,95%,98%,99%,100%
POST,invoke/tsp(8),55917,0,200.0,196.28167481524574,184.6390949999659,1865.0560780001797,325.9105102205054,312.09768153263525,0.0,190,200,200,200,200,200,200,200,1900
,Aggregated,55917,0,200.0,196.28167481524574,184.6390949999659,1865.0560780001797,325.9105102205054,312.09768153263525,0.0,190,200,200,200,200,200,200,200,1900
