Type,Name,Request Count,Failure Count,Median Response Time,Average Response Time,Min Response Time,Max Response Time,Average Content Size,Requests/s,Failures/s,25%,50%,75%,80%,90%,95%,98%,99%,100%
POST,invoke/tsp(8),241215,25,42,41.15542723190171,4.1015939996214,2214.6088280005642,325.9520759488423,1346.6604290539033,0.13957055210640956,37,42,45,46,47,48,51,58,2200
,Aggregated,241215,25,42,41.15542723190171,4.1015939996214,2214.6088280005642,325.9520759488423,1346.6604290539033,0.13957055210640956,37,42,45,46,47,48,51,58,2200
