Type,Name,Request Count,Failure Count,Median Response Time,Average Response Time,Min Response Time,Max Response Time,Average Content Size,Requests/s,Failures/s,25%,50%,75%,80%,90%,95%,98%,99%,100%
POST,invoke/tsp(8),60951,0,180.0,179.9988790298917,169.28170199935266,2389.2446469999413,325.9379829699267,340.0796694743101,0.0,170,180,180,180,180,190,200,220,2400
,Aggregated,60951,0,180.0,179.9988790298917,169.28170199935266,2389.2446469999413,325.9379829699267,340.0796694743101,0.0,170,180,180,180,180,190,200,220,2400
