Type,Name,Request Count,Failure Count,Median Response Time,Average Response Time,Min Response Time,Max Response Time,Average Content Size,Requests/s,Failures/s,25%,50%,75%,80%,90%,95%,98%,99%,100%
POST,run/tsp(8),242959,0,43,44.530252547570015,9.839880000072299,287.7719120006077,219.27340827053123,1354.3795703735846,0.0,38,43,48,50,58,65,73,80,290
,Aggregated,242959,0,43,44.530252547570015,9.839880000072299,287.7719120006077,219.27340827053123,1354.3795703735846,0.0,38,43,48,50,58,65,73,80,290
