Type,Name,Request Count,Failure Count,Median Response Time,Average Response Time,Min Response Time,Max Response Time,Average Content Size,Requests/s,Failures/s,25%,50%,75%,80%,90%,95%,98%,99%,100%
POST,invoke/tsp(8),98519,0,110.0,111.42751532625338,106.49378700009038,3116.235611999855,326.0228686852282,549.8441169430617,0.0,110,110,110,110,110,120,120,130,3100
,Aggregated,98519,0,110.0,111.42751532625338,106.49378700009038,3116.235611999855,326.0228686852282,549.8441169430617,0.0,110,110,110,110,110,120,120,130,3100
