Type,Name,Request Count,Failure Count,Median Response Time,Average Response Time,Min Response Time,Max Response Time,Average Content Size,Requests/s,Failures/s,25%,50%,75%,80%,90%,95%,98%,99%,100%
POST,run/tsp(10),25033,0,430.0,438.2697746281712,346.7959670001619,1288.6185439999736,247.18966963608037,139.70071775340216,0.0,420,430,450,450,470,490,520,570,1300
,Aggregated,25033,0,430.0,438.2697746281712,346.7959670001619,1288.6185439999736,247.18966963608037,139.70071775340216,0.0,420,430,450,450,470,490,520,570,1300
