Type,Name,Request Count,Failure Count,Median Response Time,Average Response Time,Min Response Time,Max Response Time,Average Content Size,Requests/s,Failures/s,25%,50%,75%,80%,90%,95%,98%,99%,100%
POST,run/tsp(8),87761,0,120.0,124.85849242321848,11.900193999736075,288.76062999961505,219.29130251478446,489.5799867507236,0.0,110,120,140,150,160,170,190,200,290
,Aggregated,87761,0,120.0,124.85849242321848,11.900193999736075,288.76062999961505,219.29130251478446,489.5799867507236,0.0,110,120,140,150,160,170,190,200,290
