Type,Name,Request Count,Failure Count,Median Response Time,Average Response Time,Min Response Time,Max Response Time,Average Content Size,Requests/s,Failures/s,25%,50%,75%,80%,90%,95%,98%,99%,100%
POST,invoke/tsp(10),26166,0,420.0,419.46968612634794,351.68313899998793,2001.0473640002147,354.10720018344415,145.97684925275405,0.0,410,420,430,430,440,450,460,470,2000
,Aggregated,26166,0,420.0,419.46968612634794,351.68313899998793,2001.0473640002147,354.10720018344415,145.97684925275405,0.0,410,420,430,430,440,450,460,470,2000
