Type,Name,Request Count,Failure Count,Median Response Time,Average Response Time,Min Response Time,Max Response Time,Average Content Size,Requests/s,Failures/s,25%,50%,75%,80%,90%,95%,98%,99%,100%
POST,invoke/tsp(8),303254,126,22,34.98931645506951,3.554199000063818,27471.604880003724,325.76301384318094,1688.7213486271323,0.701652376974479,14,22,29,30,36,43,54,67,27000
,Aggregated,303254,126,22,34.98931645506951,3.554199000063818,27471.604880003724,325.76301384318094,1688.7213486271323,0.701652376974479,14,22,29,30,36,43,54,67,27000
