Type,Name,Request Count,Failure Count,Median Response Time,Average Response Time,Min Response Time,Max Response Time,Average Content Size,Requests/s,Failures/s,25%,50%,75%,80%,90%,95%,98%,99%,100%
POST,run/tsp(10),39497,0,270.0,277.8731607081059,171.18717599987576,701.6732150004827,247.15639162468037,220.3475016884216,0.0,260,270,290,290,320,330,360,420,700
,Aggregated,39497,0,270.0,277.8731607081059,171.18717599987576,701.6732150004827,247.15639162468037,220.3475016884216,0.0,260,270,290,290,320,330,360,420,700
