Type,Name,Request Count,Failure Count,Median Response Time,Average Response Time,Min Response Time,Max Response Time,Average Content Size,Requests/s,Failures/s,25%,50%,75%,80%,90%,95%,98%,99%,100%
POST,run/tsp(10),21559,4,480.0,508.261191558607,182.35121800000798,1920.552065000038,247.14281738485087,120.24718104436867,0.022310344829420414,300,480,680,720,820,890,980,1100,1900
,Aggregated,21559,4,480.0,508.261191558607,182.35121800000798,1920.552065000038,247.14281738485087,120.24718104436867,0.022310344829420414,300,480,680,720,820,890,980,1100,1900
