Type,Name,Request Count,Failure Count,Median Response Time,Average Response Time,Min Response Time,Max Response Time,Average Content Size,Requests/s,Failures/s,25%,50%,75%,80%,90%,95%,98%,99%,100%
POST,invoke/tsp(8),323884,21,27,31.22552548963527,9.460230001423042,17187.927740000305,325.90990910325917,1801.674775231261,0.11681704029793531,24,27,30,31,33,36,41,45,17000
,Aggregated,323884,21,27,31.22552548963527,9.460230001423042,17187.927740000305,325.90990910325917,1801.674775231261,0.11681704029793531,24,27,30,31,33,36,41,45,17000
