Type,Name,Request Count,Failure Count,Median Response Time,Average Response Time,Min Response Time,Max Response Time,Average Content Size,Requests/s,Failures/s,25%,50%,75%,80%,90%,95%,98%,99%,100%
POST,invoke/tsp(10),23960,0,450.0,458.0767658352672,351.6900939998777,1507.4360779999552,353.9567612687813,133.64682944109126,0.0,440,450,470,470,490,510,540,570,1500
,Aggregated,23960,0,450.0,458.0767658352672,351.6900939998777,1507.4360779999552,353.9567612687813,133.64682944109126,0.0,440,450,470,470,490,510,540,570,1500
