Type,Name,Request Count,Failure Count,Median Response Time,Average Response Time,Min Response Time,Max Response Time,Average Content Size,Requests/s,Failures/s,25%,50%,75%,80%,90%,95%,98%,99%,100%
POST,run/tsp(10),30426,0,360.0,360.7101088852302,173.4740519996194,815.5972610002209,247.25353316242686,169.75017996964587,0.0,340,360,380,380,400,420,460,510,820
,Aggregated,30426,0,360.0,360.7101088852302,173.4740519996194,815.5972610002209,247.25353316242686,169.75017996964587,0.0,340,360,380,380,400,420,460,510,820
