Type,Name,Request Count,Failure Count,Median Response Time,Average Response Time,Min Response Time,Max Response Time,Average Content Size,Requests/s,Failures/s,25%,50%,75%,80%,90%,95%,98%,99%,100%
POST,invoke/tsp(10),10199,0,700.0,1073.3651433950356,216.92348700003095,8637.545174000024,355.2821845278949,56.88985607834235,0.0,390,700,1800,1800,1900,2000,2100,2200,8600
,Aggregated,10199,0,700.0,1073.3651433950356,216.92348700003095,8637.545174000024,355.2821845278949,56.88985607834235,0.0,390,700,1800,1800,1900,2000,2100,2200,8600
