Type,Name,Request Count,Failure Count,Median Response Time,Average Response Time,Min Response Time,Max Response Time,Average Content Size,Requests/s,Failures/s,25%,50%,75%,80%,90%,95%,98%,99%,100%
POST,run/tsp(10),10205,0,1100.0,1073.6953772092106,207.86350600246806,1477.6258780038916,247.27731504164626,56.9191979129567,0.0,1100,1100,1100,1100,1200,1200,1200,1200,1500
,Aggregated,10205,0,1100.0,1073.6953772092106,207.86350600246806,1477.6258780038916,247.27731504164626,56.9191979129567,0.0,1100,1100,1100,1100,1200,1200,1200,1200,1500
