Type,Name,Request Count,Failure Count,Median Response Time,Average Response Time,Min Response Time,Max Response Time,Average Content Size,Requests/s,Failures/s,25%,50%,75%,80%,90%,95%,98%,99%,100%
POST,invoke/tsp(8),285899,375,31,37.03413559697044,8.74563100001069,6248.364173000027,325.7429826617092,1591.5672843007408,2.0875824385981683,27,31,39,42,54,69,87,100,6200
,Aggregated,285899,375,31,37.03413559697044,8.74563100001069,6248.364173000027,325.7429826617092,1591.5672843007408,2.0875824385981683,27,31,39,42,54,69,87,100,6200
