Type,Name,Request Count,Failure Count,Median Response Time,Average Response Time,Min Response Time,Max Response Time,Average Content Size,Requests/s,Failures/s,25%,50%,75%,80%,90%,95%,98%,99%,100%
POST,run/tsp(10),14284,0,780.0,767.6370089826348,287.98970299976645,1185.4095889998462,247.17600112013443,79.69385420526876,0.0,760,780,800,800,820,840,890,970,1200
,Aggregated,14284,0,780.0,767.6370089826348,287.98970299976645,1185.4095889998462,247.17600112013443,79.69385420526876,0.0,760,780,800,800,820,840,890,970,1200
