Scenario,Name,Request Count,Requests/s,Failure Count,Failures/s,Min Response Time,Average Response Time,Median Response Time,Max Response Time,99%
nbg1-fsn1-fsn1/32x02c/tsp-8/wasimoff,tsp-8,260772,1452.7494271565306,0,0.0,9.584637999068946,41.173206387448836,40,281.32932799780974,77
nbg1-fsn1-fsn1/32x02c/tsp-8/serverledge,tsp-8,330622,1838.8027058798843,4,0.022246586202731632,5.930932002229383,30.66531684219223,26,15640.233923997584,46
nbg1-fsn1-fsn1/32x02c/tsp-9/wasimoff,tsp-9,187543,1046.0935922337337,0,0.0,34.325569999055006,58.23778430534694,55,375.38501500239363,99
nbg1-fsn1-fsn1/32x02c/tsp-9/serverledge,tsp-9,131553,733.9153130652435,0,0.0,28.77590200296254,83.35317559385656,32,33681.35320999863,780
nbg1-fsn1-fsn1/32x02c/tsp-10/wasimoff,tsp-10,39557,220.6634323451761,0,0.0,172.30837799797882,277.4875132520398,270.0,766.5516640008718,490
nbg1-fsn1-fsn1/32x02c/tsp-10/serverledge,tsp-10,17406,97.06395431881226,0,0.0,211.64387599856127,624.1182594218051,250.0,61634.60326399945,7000
nbg1-fsn1-fsn1/32x02c/tsp-11/wasimoff,tsp-11,4264,23.78681935264078,2,0.011157044724503181,1713.1149050001113,2559.707789890045,2500.0,4752.074208998238,4600
nbg1-fsn1-fsn1/32x02c/tsp-11/serverledge,tsp-11,1951,10.886915913117194,0,0.0,2186.6662699976587,4739.865942878013,2300.0,79048.391403001,60000
