Type,Name,Request Count,Failure Count,Median Response Time,Average Response Time,Min Response Time,Max Response Time,Average Content Size,Requests/s,Failures/s,25%,50%,75%,80%,90%,95%,98%,99%,100%
POST,run/tsp(10),15687,0,720.0,699.1585385661003,200.25838800211204,1165.182561999245,247.27806463951043,87.51924306704225,0.0,690,720,740,750,760,780,790,800,1200
,Aggregated,15687,0,720.0,699.1585385661003,200.25838800211204,1165.182561999245,247.27806463951043,87.51924306704225,0.0,690,720,740,750,760,780,790,800,1200
