Type,Name,Request Count,Failure Count,Median Response Time,Average Response Time,Min Response Time,Max Response Time,Average Content Size,Requests/s,Failures/s,25%,50%,75%,80%,90%,95%,98%,99%,100%
POST,invoke/tsp(9),131553,0,32,83.35317559385656,28.77590200296254,33681.35320999863,339.9525970521387,733.9153130652435,0.0,30,32,37,38,55,170,490,780,34000
,Aggregated,131553,0,32,83.35317559385656,28.77590200296254,33681.35320999863,339.9525970521387,733.9153130652435,0.0,30,32,37,38,55,170,490,780,34000
