Type,Name,Request Count,Failure Count,Median Response Time,Average Response Time,Min Response Time,Max Response Time,Average Content Size,Requests/s,Failures/s,25%,50%,75%,80%,90%,95%,98%,99%,100%
POST,invoke/tsp(10),29026,0,270.0,377.8026878596131,211.0795810003765,5637.339781999799,353.9274443602288,161.8680896331638,0.0,250,270,280,290,830,1100,1400,1700,5600
,Aggregated,29026,0,270.0,377.8026878596131,211.0795810003765,5637.339781999799,353.9274443602288,161.8680896331638,0.0,250,270,280,290,830,1100,1400,1700,5600
