Type,Name,Request Count,Failure Count,Median Response Time,Average Response Time,Min Response Time,Max Response Time,Average Content Size,Requests/s,Failures/s,25%,50%,75%,80%,90%,95%,98%,99%,100%
POST,run/tsp(8),10714,0,1100.0,1022.1073075791426,182.64706999980262,1899.0010810002786,219.30642150457345,59.76207747542028,0.0,1000,1100,1100,1100,1100,1100,1100,1200,1900
,Aggregated,10714,0,1100.0,1022.1073075791426,182.64706999980262,1899.0010810002786,219.30642150457345,59.76207747542028,0.0,1000,1100,1100,1100,1100,1100,1100,1200,1900
