Type,Name,Request Count,Failure Count,Median Response Time,Average Response Time,Min Response Time,Max Response Time,Average Content Size,Requests/s,Failures/s,25%,50%,75%,80%,90%,95%,98%,99%,100%
POST,invoke/tsp(8),257333,592,29,40.27266422069542,8.594450999908076,4636.902145000022,325.5465058892563,1432.724935608055,3.2960139658728904,24,29,46,55,73,84,100,130,4600
,Aggregated,257333,592,29,40.27266422069542,8.594450999908076,4636.902145000022,325.5465058892563,1432.724935608055,3.2960139658728904,24,29,46,55,73,84,100,130,4600
