Type,Name,Request Count,Failure Count,Median Response Time,Average Response Time,Min Response Time,Max Response Time,Average Content Size,Requests/s,Failures/s,25%,50%,75%,80%,90%,95%,98%,99%,100%
POST,run/tsp(10),18580,0,590.0,590.4582582693755,376.33405399992625,1075.0807529998383,247.21501614639396,103.64936057526849,0.0,560,590,620,630,650,670,690,720,1100
,Aggregated,18580,0,590.0,590.4582582693755,376.33405399992625,1075.0807529998383,247.21501614639396,103.64936057526849,0.0,560,590,620,630,650,670,690,720,1100
