Type,Name,Request Count,Failure Count,Median Response Time,Average Response Time,Min Response Time,Max Response Time,Average Content Size,Requests/s,Failures/s,25%,50%,75%,80%,90%,95%,98%,99%,100%
POST,run/tsp(8),21305,0,520.0,514.2533144768871,173.5171430000264,805.2692920000482,219.225017601502,118.82941478579721,0.0,510,520,540,550,560,570,580,590,810
,Aggregated,21305,0,520.0,514.2533144768871,173.5171430000264,805.2692920000482,219.225017601502,118.82941478579721,0.0,510,520,540,550,560,570,580,590,810
