Type,Name,Request Count,Failure Count,Median Response Time,Average Response Time,Min Response Time,Max Response Time,Average Content Size,Requests/s,Failures/s,25%,50%,75%,80%,90%,95%,98%,99%,100%
POST,invoke/tsp(10),8124,0,950.0,1345.4826431260478,367.5676869997915,7294.551804999173,354.4081733136386,45.312934431837704,0.0,500,950,2200,2300,2400,2400,2500,2600,7300
,Aggregated,8124,0,950.0,1345.4826431260478,367.5676869997915,7294.551804999173,354.4081733136386,45.312934431837704,0.0,500,950,2200,2300,2400,2400,2500,2600,7300
