Type,Name,Request Count,Failure Count,Median Response Time,Average Response Time,Min Response Time,Max Response Time,Average Content Size,Requests/s,Failures/s,25%,50%,75%,80%,90%,95%,98%,99%,100%
POST,run/tsp(10),10572,0,1100.0,1036.1492118901804,367.8736259998914,1708.687503999954,247.042659856224,58.997710849778215,0.0,1000,1100,1100,1100,1100,1100,1100,1200,1700
,Aggregated,10572,0,1100.0,1036.1492118901804,367.8736259998914,1708.687503999954,247.042659856224,58.997710849778215,0.0,1000,1100,1100,1100,1100,1100,1100,1200,1700
