Type,Name,Request Count,Failure Count,Median Response Time,Average Response Time,Min Response Time,Max Response Time,Average Content Size,Requests/s,Failures/s,25%,50%,75%,80%,90%,95%,98%,99%,100%
POST,invoke/tsp(10),10528,82,250.0,1023.7488008590327,4.410340996400919,112830.74210999621,351.10837765957444,58.676302611669975,0.457015274900925,240,250,270,280,750,5100,8700,9000,113000
,Aggregated,10528,82,250.0,1023.7488008590327,4.410340996400919,112830.74210999621,351.10837765957444,58.676302611669975,0.457015274900925,240,250,270,280,750,5100,8700,9000,113000
