Type,Name,Request Count,Failure Count,Median Response Time,Average Response Time,Min Response Time,Max Response Time,Average Content Size,Requests/s,Failures/s,25%,50%,75%,80%,90%,95%,98%,99%,100%
POST,run/tsp(8),44868,0,240.0,244.38933832408378,191.99146799996925,901.992000000007,219.26852099491842,250.35686939163176,0.0,220,240,270,270,290,300,310,320,900
,Aggregated,44868,0,240.0,244.38933832408378,191.99146799996925,901.992000000007,219.26852099491842,250.35686939163176,0.0,220,240,270,270,290,300,310,320,900
