Type,Name,Request Count,Failure Count,Median Response Time,Average Response Time,Min Response Time,Max Response Time,Average Content Size,Requests/s,Failures/s,25%,50%,75%,80%,90%,95%,98%,99%,100%
POST,invoke/tsp(8),364027,0,26,27.146458474242277,8.696025000062946,1493.3440029999474,325.93558994250424,2023.9359084871046,0.0,24,26,29,30,31,34,39,43,1500
,Aggregated,364027,0,26,27.146458474242277,8.696025000062946,1493.3440029999474,325.93558994250424,2023.9359084871046,0.0,24,26,29,30,31,34,39,43,1500
