Type,Name,Request Count,Failure Count,Median Response Time,Average Response Time,Min Response Time,Max Response Time,Average Content Size,Requests/s,Failures/s,25%,50%,75%,80%,90%,95%,98%,99%,100%
POST,invoke/tsp(10),24512,0,450.0,447.6152471936997,385.88278399993214,2222.9663400000845,353.7566090078329,136.7967133985276,0.0,440,450,460,460,470,470,480,500,2200
,Aggregated,24512,0,450.0,447.6152471936997,385.88278399993214,2222.9663400000845,353.7566090078329,136.7967133985276,0.0,440,450,460,460,470,470,480,500,2200
