Type,Name,Request Count,Failure Count,Median Response Time,Average Response Time,Min Response Time,Max Response Time,Average Content Size,Requests/s,Failures/s,25%,50%,75%,80%,90%,95%,98%,99%,100%
POST,run/tsp(10),27827,0,390.0,394.45971872724164,294.6753130000843,812.7326749998929,247.2302440076185,155.22644406483886,0.0,380,390,400,410,420,430,480,550,810
,Aggregated,27827,0,390.0,394.45971872724164,294.6753130000843,812.7326749998929,247.2302440076185,155.22644406483886,0.0,380,390,400,410,420,430,480,550,810
