Type,Name,Request Count,Failure Count,Median Response Time,Average Response Time,Min Response Time,Max Response Time,Average Content Size,Requests/s,Failures/s,25%,50%,75%,80%,90%,95%,98%,99%,100%
POST,invoke/tsp(8),136586,1376,16,80.27463761379074,3.456599995843135,32922.164669995254,322.5876297717189,761.6390991438778,7.672934271608919,12,16,49,95,230,290,350,390,33000
,Aggregated,136586,1376,16,80.27463761379074,3.456599995843135,32922.164669995254,322.5876297717189,761.6390991438778,7.672934271608919,12,16,49,95,230,290,350,390,33000
