Type,Name,Request Count,Failure Count,Median Response Time,Average Response Time,Min Response Time,Max Response Time,Average Content Size,Requests/s,Failures/s,25%,50%,75%,80%,90%,95%,98%,99%,100%
POST,invoke/tsp(10),15979,0,260.0,685.117189137554,211.91592200011655,17089.438715000142,354.25270667751425,89.11648127355457,0.0,250,260,320,1800,2000,2100,2200,2300,17000
,Aggregated,15979,0,260.0,685.117189137554,211.91592200011655,17089.438715000142,354.25270667751425,89.11648127355457,0.0,250,260,320,1800,2000,2100,2200,2300,17000
