Type,Name,Request Count,Failure Count,Median Response Time,Average Response Time,Min Response Time,Max Response Time,Average Content Size,Requests/s,Failures/s,25%,50%,75%,80%,90%,95%,98%,99%,100%
POST,invoke/tsp(8),311411,15,26,32.85399012307227,6.334204001177568,17277.576120999584,325.9240457145059,1732.445699385782,0.08344819383639862,20,26,31,31,34,39,45,50,17000
,Aggregated,311411,15,26,32.85399012307227,6.334204001177568,17277.576120999584,325.9240457145059,1732.445699385782,0.08344819383639862,20,26,31,31,34,39,45,50,17000
