command,mean,stddev,median,user,system,min,max,parameter_n
wasmtime,0.00781353464599483,0.0006670738732050668,0.007588439000000001,0.00257102842377261,0.005471599483204137,0.006919774,0.010912623000000002,2
wasmtime,0.007781349089285716,0.0006267169574496293,0.007551457500000001,0.0025381173469387736,0.005461045918367348,0.006895469,0.010865411,3
wasmtime,0.007843349162094768,0.0006325829400023697,0.007618192,0.0026840299251870326,0.005366962593516214,0.006820739,0.009899151,4
wasmtime,0.007866864985207101,0.0006197664902269422,0.007672074,0.0026114704142011823,0.005478775147928995,0.007052962,0.009897615,5
wasmtime,0.007885842870317,0.0006279113223666682,0.007648712,0.002569170028818443,0.005530829971181554,0.007046327000000001,0.009963824000000001,6
wasmtime,0.00802491334402332,0.0006365363007792067,0.007786999,0.002413775510204081,0.005836816326530609,0.0070480740000000005,0.010015227,7
wasmtime,0.0093674054888889,0.0006649849781185538,0.009150308000000001,0.0039001841269841273,0.005605749206349206,0.008415644,0.011140238,8
wasmtime,0.01925803374050634,0.0007258467234257435,0.019222527000000003,0.013782645569620257,0.005540113924050632,0.017910341,0.021359682,9
wasmtime,0.12783870431818178,0.012527385311928329,0.1308240555,0.12226263636363637,0.005751863636363635,0.100968097,0.15838347900000002,10
