command,mean,stddev,median,user,system,min,max,parameter_n
static,0.0003133665801767672,0.0000446886958107921,0.00030870100000000004,0.00023004217171717205,0.000016102398989898984,0.000242699,0.000812119,2
static,0.00031369540477781344,0.000044183256027652035,0.00030905,0.00023112930170397582,0.00001447343802205146,0.00024416600000000003,0.0007491920000000001,3
static,0.00031330174186292725,0.000044079016620537326,0.00030932800000000004,0.00023040804445620524,0.000015747816882773203,0.000246192,0.0008044370000000001,4
static,0.00032413068508583637,0.00004285236922410387,0.000321272,0.0002405344688841207,0.000016949168454935612,0.000253316,0.0007383660000000001,5
static,0.00037182762448910147,0.00004583601427763589,0.00037138300000000003,0.00028360950272479527,0.000020228031335149865,0.000290961,0.000867503,6
static,0.0006723058504174418,0.00007340035307872679,0.000672436,0.0005564413265306125,0.00004303687384044525,0.000498391,0.001600562,7
static,0.002341403706379712,0.00015310813103474355,0.00232042,0.002091996925441968,0.00015064258262874707,0.0019783360000000002,0.004942416000000001,8
static,0.014687520747572815,0.000847823855348132,0.0145570325,0.014312101941747582,0.00021010679611650486,0.013888089000000001,0.02336386,9
static,0.140072425,0.021074755762132996,0.13682097650000002,0.13922155,0.00065705,0.123945174,0.22636968000000002,10
