command,mean,stddev,median,user,system,min,max,parameter_n
native,0.0008118162714321409,0.00007923198989808845,0.000805833,0.0005955256185953529,0.00013463859035241178,0.000606575,0.001603215,2
native,0.0008168393599105787,0.00007629374307130255,0.0008131315000000001,0.0005933909587680072,0.0001405193740685543,0.0006058070000000001,0.001485044,3
native,0.0008186860089148484,0.00008306109690888678,0.0008128170000000001,0.0005961457116507826,0.00014110359667998787,0.0006027340000000001,0.0017094450000000002,4
native,0.0008246234355379464,0.00007267856770866995,0.0008235730000000001,0.0005962749161840888,0.00014640688814385855,0.000614956,0.0015674570000000002,5
native,0.0008543713521630311,0.00008812585954667632,0.0008475990000000001,0.0006272112978190924,0.00014330461208437618,0.000658258,0.001651267,6
native,0.0010040858590163934,0.00008568598448218737,0.000998806,0.0007392681238615676,0.0001768921675774134,0.000761204,0.001641978,7
native,0.001998770909927678,0.0001346889919406944,0.0019773580000000002,0.0015110966469427999,0.0003883773833004603,0.001655877,0.00277509,8
native,0.011108333068840584,0.00061023951843062,0.011043157500000001,0.010218637681159411,0.000719557971014493,0.00970562,0.014034826,9
native,0.09243397181249997,0.003599777076847393,0.092269106,0.09116468750000001,0.001028875,0.084440761,0.09876997000000001,10
