command,mean,stddev,median,user,system,min,max,parameter_n
wasimoff,0.01789489272516557,0.06779209116924867,0.012791958500000002,0.0018943178807947021,0.003114841059602651,0.00812203,1.189880481,2
wasimoff,0.020485790060810805,0.002177176305869879,0.020297984,0.0018715405405405406,0.003139783783783783,0.016152915,0.037064981000000004,3
wasimoff,0.020477256129870138,0.0029347371289074322,0.020301965,0.0019085129870129872,0.0031389090909090906,0.015773814,0.042720272000000004,4
wasimoff,0.028313385807692305,0.09519602952987412,0.020435293,0.001828833333333333,0.003180576923076922,0.016683222,1.209398997,5
wasimoff,0.030182892216000005,0.10665974635934151,0.020409347,0.0018395919999999995,0.003081784000000001,0.016469786,1.212800916,6
wasimoff,0.02884028915068492,0.0987325786501482,0.020623481500000002,0.0020177328767123285,0.002969356164383563,0.016645579,1.21336363,7
wasimoff,0.021107825431372556,0.0025730743832776204,0.020877286000000002,0.0020618366013071903,0.0030019607843137265,0.018724207,0.040526685,8
wasimoff,0.029691246409523826,0.001994818897725496,0.029522011,0.002130295238095238,0.0031392761904761907,0.027115056000000002,0.045589578000000006,9
wasimoff,0.13261083440909094,0.006020950736597753,0.13299138250000003,0.0018713636363636363,0.0032751363636363633,0.11708183100000001,0.14489537400000002,10
