Type,Name,Request Count,Failure Count,Median Response Time,Average Response Time,Min Response Time,Max Response Time,Average Content Size,Requests/s,Failures/s,25%,50%,75%,80%,90%,95%,98%,99%,100%
POST,run/tsp(10),36264,0,300.0,302.4532514002014,171.7212160001509,801.0553200001596,247.2087193911317,202.26209609253257,0.0,280,300,320,320,340,370,460,510,800
,Aggregated,36264,0,300.0,302.4532514002014,171.7212160001509,801.0553200001596,247.2087193911317,202.26209609253257,0.0,280,300,320,320,340,370,460,510,800
