Type,Name,Request Count,Failure Count,Median Response Time,Average Response Time,Min Response Time,Max Response Time,Average Content Size,Requests/s,Failures/s,25%,50%,75%,80%,90%,95%,98%,99%,100%
POST,run/tsp(8),13668,0,820.0,800.9856815582368,147.07984400001806,1030.1586900000075,219.21275973075797,76.29939055206943,0.0,800,820,850,850,870,890,910,920,1000
,Aggregated,13668,0,820.0,800.9856815582368,147.07984400001806,1030.1586900000075,219.21275973075797,76.29939055206943,0.0,800,820,850,850,870,890,910,920,1000
