Type,Name,Request Count,Failure Count,Median Response Time,Average Response Time,Min Response Time,Max Response Time,Average Content Size,Requests/s,Failures/s,25%,50%,75%,80%,90%,95%,98%,99%,100%
POST,invoke/tsp(8),355711,0,27,27.946150706072356,8.674167999743077,1603.3266489994276,325.9302017649159,1979.2239390602501,0.0,24,27,30,31,33,37,44,48,1600
,Aggregated,355711,0,27,27.946150706072356,8.674167999743077,1603.3266489994276,325.9302017649159,1979.2239390602501,0.0,24,27,30,31,33,37,44,48,1600
