Type,Name,Request Count,Failure Count,Median Response Time,Average Response Time,Min Response Time,Max Response Time,Average Content Size,Requests/s,Failures/s,25%,50%,75%,80%,90%,95%,98%,99%,100%
POST,invoke/tsp(10),45945,19760,340.0,238.77013934576405,3.611654999986058,2677.422218001084,201.73857873544455,256.26521864366134,110.21440244637606,5,340,360,500,500,510,530,540,2700
,Aggregated,45945,19760,340.0,238.77013934576405,3.611654999986058,2677.422218001084,201.73857873544455,256.26521864366134,110.21440244637606,5,340,360,500,500,510,530,540,2700
