Type,Name,Request Count,Failure Count,Median Response Time,Average Response Time,Min Response Time,Max Response Time,Average Content Size,Requests/s,Failures/s,25%,50%,75%,80%,90%,95%,98%,99%,100%
POST,invoke/tsp(8),337590,0,27,29.809061813417387,9.46966599804,10188.207338000211,325.924748955834,1877.5370865281752,0.0,24,27,30,31,33,37,42,45,10000
,Aggregated,337590,0,27,29.809061813417387,9.46966599804,10188.207338000211,325.924748955834,1877.5370865281752,0.0,24,27,30,31,33,37,42,45,10000
